Workbook

Sheet Tổng quan
A1: Kế Hoạch 12 Tuần — Tổng Quan
A2: AWS SAA + Java Wizard track: concurrency sâu → JVM internals → bytecode/JIT/profiling/FFM. ~130 phút/ngày.
A4: Thời lượng | B4: 12 tuần (84 ngày)
A5: Bắt đầu | B5: 06/07/2026 (Thứ 2)
A6: Kết thúc / Ngày thi AWS | B6: 27/09/2026 (Chủ nhật)
A7: Thời gian học hàng ngày | B7: ~130 phút/ngày
A8: Tổng ngân sách học | B8: ~182 giờ
A9: Tỷ lệ AWS : Java | B9: Ưu tiên AWS (~60:40) - vì thi cert
A11: Kế hoạch theo tuần
A12: Tuần | B12: Ngày | C12: Chủ đề AWS | D12: Chủ đề Java / JVM | E12: Deliverable của tuần | F12: Milestone
A13: 1 | B13: 07/07 – 12/07 | C13: EC2 SAA + Storage (EBS/EFS) | D13: Java-for-JS: type system + Generics (wildcards/PECS) + Collections internals + Exceptions | E13: Mini-lib generic + toy HashMap (equals/hashCode chuẩn) | F13: —
A14: 2 | B14: 13/07 – 19/07 | C14: ELB + ASG + RDS/Aurora | D14: Streams/Lambdas/Optional + Modern Java (records, sealed, patterns, NIO.2) + build tooling | E14: Data pipeline: streams + records + sealed Result<T,E> | F14: —
A15: 3 | B15: 20/07 – 26/07 | C15: ElastiCache + Route 53 + S3 basics | D15: Concurrency I: threads, JMM + happens-before, synchronized/volatile, deadlock | E15: Reproduce & fix 5 concurrency bug (race/visibility/deadlock) | F15: —
A16: 4 | B16: 27/07 – 02/08 | C16: S3 nâng cao + CloudFront + SQS/SNS | D16: Concurrency II: Executors, CompletableFuture, concurrent collections + atomics | E16: Async pipeline (CompletableFuture) xử lý partial failure | F16: —
A17: 5 | B17: 03/08 – 09/08 | C17: Kinesis + ECS/EKS + Lambda basics | D17: Concurrency III (magic): AQS, lock-free/CAS, VarHandles + fences, false sharing, virtual threads | E17: Lock-free Treiber stack + StampedLock cache, stress-tested | F17: Concurrency capstone (lock-free)
A18: 6 | B18: 10/08 – 16/08 | C18: DynamoDB + API GW + Serverless arch | D18: JVM Memory Model: heap regions, object layout (JOL), reference types, OOM forensics | E18: Đọc heap dump (MAT) tìm leak + JOL object-layout report | F18: —
A19: 7 | B19: 17/08 – 23/08 | C19: CloudWatch + IAM Advanced + Practice #1 | D19: Garbage Collection sâu: generational, G1, ZGC/Shenandoah, GC log, tuning | E19: Benchmark G1 vs ZGC + GC decision tree | F19: AWS Practice #1
A20: 8 | B20: 24/08 – 30/08 | C20: KMS + Security + Practice #2 | D20: Bytecode & instrumentation: javap, invoke*, ASM/ByteBuddy, Java agents | E20: Java agent rewrite method lúc load (ByteBuddy) | F20: AWS Practice #2
A21: 9 | B21: 31/08 – 06/09 | C21: VPC + Networking + Practice #3 | D21: JIT sâu: tiered C1/C2, inlining, escape analysis, deopt, JITWatch, đọc assembly | E21: Micro-benchmark chứng minh inlining/escape analysis | F21: AWS Practice #3
A22: 10 | B22: 07/09 – 13/09 | C22: DR + Sol.Arch + Practice #4, #5 | D22: Profiling & benchmarking: JMH đúng chuẩn, JFR/JMC, async-profiler, MAT, tuning | E22: JMH suite + flame-graph tuning 1 app thật | F22: AWS Practice #4 + #5
A23: 11 | B23: 14/09 – 20/09 | C23: Ôn AWS + Practice #6 | D23: Frontier magic: MethodHandles/invokedynamic, FFM (Panama), off-heap/Unsafe; Effective Java | E23: Mini-APM 'magic': bytecode timing + JFR + FFM | F23: AWS Practice #6
A24: 12 | B24: 21/09 – 27/09 | C24: Tuần thi AWS SAA | D24: Tuần thi AWS SAA — Java nhẹ (đọc JEP/cheat sheet) | E24: 🎯 Đậu AWS SAA | F24: 🎯 Ngày thi AWS SAA
A27: Các giai đoạn
A28: Tuần 1-2 | B28: Java core nén (nhờ nền JS): type system, generics, collections, streams, modern Java, build tooling
A29: Tuần 3-5 | B29: Concurrency từ nền tảng đến lock-free: JMM → CompletableFuture → AQS/VarHandles/virtual threads
A30: Tuần 6-7 | B30: JVM Memory + Garbage Collection sâu: heap dump/MAT, G1/ZGC, tuning
A31: Tuần 8-11 | B31: 'Magic': bytecode/agents, JIT, profiling/JMH, FFM/MethodHandles — Tuần 12 thi AWS
A34: Workflow hàng ngày
A35: 70-100 phút | B35: Nạp khái niệm + spaced repetition. Không code/ Hands-on
A36: 30-60 phút | B36: Review kiến thức + Code + Hands-on, AI review + tạo quiz
A37: Nguyên tắc | B37: AI làm reviewer + quiz partner
B38: Bài tập java tìm trên Leetcode
A41: Spring Boot
A42: Bỏ Spring Boot khỏi track (mục tiêu: wizard/JVM internals). Học riêng nếu công ty confirm dùng.

Sheet Kế hoạch chi tiết
A1: Kế Hoạch Chi Tiết Hàng Ngày — AWS SAA + Java Core + JVM
A4: Ngày # | B4: Ngày | C4: Thứ | D4: Tuần | E4: AWS - learn | F4: AWS - Hands on | G4: Java - learn | H4: Java - Hands on | I4: Tài nguyên & Mục tiêu | J4: Hoàn thành?
A5: 2 | B5: 46210 | C5: T3 | D5: 1 | E5: S6: Elastic Network Interfaces (ENI) + EC2 Hibernate | F5: Thực hành: attach/detach ENI trong console | G5: Setup: JDK 21 + IntelliJ + project Maven đầu tiên; static typing vs JS (primitives vs wrapper, autoboxing) | H5: Tự làm: tạo Maven project, add 1 dependency (Guava), chạy Main. AI: 'so sánh mental model type Java vs JS' | I5: 📘 MJiA ch.1-2; docs Autoboxing · 🎯 Done: chạy được Maven+Guava; nói rõ 3 khác biệt kiểu Java vs JS | J5: Chưa
A6: 3 | B6: 46211 | C6: T4 | D6: 1 | E6: S6 Quiz + S7: EBS Overview | F6: Làm quiz Section 6; ghi lại câu sai | G6: Generics I: type params, bounded types (<T extends Comparable>) | H6: Tự làm: viết Box<T>, Pair<K,V>, generic max(). AI: 'type erasure sẽ cắn tôi ở đâu?' | I6: 📘 EJ items 26-29; Java Tutorial: Generics · 🎯 Done: Box<T>/Pair<K,V> compile-safe; hiểu type erasure | J6: Chưa
A7: 4 | B7: 46212 | C7: T5 | D7: 1 | E7: S7: EBS Snapshots + AMI Overview | F7: Thực hành: tạo snapshot, copy sang region khác | G7: Generics II: wildcards, PECS (? extends / ? super) | H7: Tự làm: generic copy(dest ? super T, src ? extends T). AI: quiz me producer vs consumer | I7: 📘 EJ item 31 (PECS); docs Wildcards · 🎯 Done: giải thích ? extends vs ? super không cần nhìn tài liệu | J7: Chưa
A8: 5 | B8: 46213 | C8: T6 | D8: 1 | E8: S7: EC2 Instance Store + EBS Volume Types | F8: So sánh gp2/gp3/io1/io2/st1/sc1 trong bảng | G8: Collections + internals: ArrayList vs LinkedList, HashMap buckets/treeification | H8: Tự làm: benchmark 100k inserts đầu/giữa/cuối; implement toy HashMap<K,V>. AI: 'khác gì JDK?' | I8: 📘 docs HashMap; JOL xem bucket · 🎯 Done: vẽ được treeification; benchmark 3 vị trí insert | J8: Chưa
A9: 6 | B9: 46214 | C9: T7 | D9: 1 | E9: S7: EBS Multi-Attach + EBS Encryption | F9: Bật encryption trên snapshot copy | G9: equals/hashCode/immutability (EJ 10,11,17) + Comparable/Comparator | H9: Tự làm: value class equals/hashCode chuẩn + sort 3 fields. AI: 'break contract ở đâu?' | I9: 📘 EJ items 10,11,14,17 · 🎯 Done: equals/hashCode đúng contract; sort đa field ổn định | J9: Chưa
A10: 7 | B10: 46215 | C10: CN | D10: 1 | E10: Ôn Tuần 1 | F10: Flashcards volume types + làm lại quizzes S6/S7 | G10: Ôn Tuần 1 + Exceptions (checked vs unchecked, try-with-resources, EJ 70-77) | H10: Tự làm: in-memory user DB nhỏ với exception hierarchy riêng. AI: full review | I10: 📘 EJ items 69-77; docs try-with-resources · 🎯 Done: exception hierarchy riêng chạy; qua self-review | J10: Chưa
A11: 8 | B11: 46216 | C11: T2 | D11: 2 | E11: S7: Amazon EFS + EFS vs EBS | F11: Lab: tạo EFS, mount trên 2 EC2 | G11: Lambdas + method references + functional interfaces (Function/Predicate/Consumer/Supplier) | H11: Tự làm: convert 10 anonymous class → lambda; andThen/compose. AI: 'chỗ nào ambiguous?' | I11: 📘 MJiA ch.3; docs java.util.function · 🎯 Done: convert 10 anon class → lambda; dùng andThen/compose | J11: Chưa
A12: 9 | B12: 46217 | C12: T3 | D12: 2 | E12: S7: Storage Cleanup + Quiz | F12: Xoá tài nguyên; làm quiz | G12: Stream API I: map/filter/collect/reduce; lazy vs eager | H12: Tự làm: convert 5 for-loop sang stream. AI: 'chỗ nào stream hurt readability?' | I12: 📘 MJiA ch.4-5 · 🎯 Done: 3/5 for-loop thành stream sạch; giải thích lazy vs eager | J12: Chưa
A13: 10 | B13: 46218 | C13: T4 | D13: 2 | E13: S8: ELB Overview + ALB Intro | F13: Đọc slides về ALB routing patterns | G13: Stream API II: groupingBy/partitioningBy/downstream collectors + Optional đúng cách | H13: Tự làm: sales report (group by region+product) + refactor 5 null-check. AI: 'lạm dụng Optional chỗ nào?' | I13: 📘 MJiA ch.6; EJ item 55 (Optional) · 🎯 Done: report groupingBy chạy; bỏ 5 null-check đúng chỗ | J13: Chưa
A14: 11 | B14: 46219 | C14: T5 | D14: 2 | E14: S8: ALB Hands-on 1+2 | F14: Lab đầy đủ: 2 EC2 + target group + path routing | G14: Records + sealed classes + pattern matching (switch, record patterns) | H14: Tự làm: model Result<Success,Error> bằng sealed + switch exhaustive. AI: quiz me exhaustiveness | I14: 📘 JEP 395/440/441; MJiA modern · 🎯 Done: Result<S,E> bằng sealed + switch exhaustive | J14: Chưa
A15: 12 | B15: 46220 | C15: T6 | D15: 2 | E15: S8: Network LB + Gateway LB | F15: Lab: tạo NLB với TCP health check | G15: NIO.2 (Path/Files/Files.lines) + text blocks + var | H15: Tự làm: log/CSV reader bằng NIO.2 streams. AI: 'tìm resource leak' | I15: 📘 docs java.nio.file · 🎯 Done: CSV/log reader Files.lines không leak resource | J15: Chưa
A16: 13 | B16: 46221 | C16: T7 | D16: 2 | E16: S8: Sticky Sessions + Cross-Zone + SSL/TLS | F16: So sánh ALB/NLB trong bảng | G16: Build & packaging: Maven vs Gradle, dependency scopes, runnable (fat) JAR | H16: Tự làm: đóng gói project thành JAR chạy được + 1 plugin. AI: 'lifecycle Maven gồm gì?' | I16: 📘 Maven Getting Started; docs lifecycle · 🎯 Done: fat JAR chạy `java -jar`; kể 8 phase Maven | J16: Chưa
... A82: 79 | B82: 46287 | C82: T3 | D82: 12 | E82: Ôn nhẹ: làm lại quizzes yếu nhất | F82: Vẽ VPC + S3 tiers từ memory | G82: Nhẹ: đọc lại cheat sheet wizard của bạn | H82: Tự làm: recall JVM concepts. Không học topic mới. | I82: 📘 cheat sheet wizard của bạn · 🎯 Done: recall concepts — không topic mới | J82: Chưa
A83: 80 | B83: 46288 | C83: T4 | D83: 12 | E83: Ôn nhẹ: reinforcement only | F83: Không nạp material mới | J83: Chưa
A84: 81 | B84: 46289 | C84: T5 | D84: 12 | E84: Ôn nhẹ + có thể full mock nếu muốn | F84: Tuỳ thể trạng — không burnout | J84: Chưa
A85: 82 | B85: 46290 | C85: T6 | D85: 12 | E85: Đêm trước thi: skim + đi ngủ sớm | J85: Chưa
A86: 83 | B86: 46291 | C86: T7 | D86: 12 | E86: Sáng thi: warm-up quiz 20-30 câu dễ | J86: Chưa
A87: 84 | B87: 46292 | C87: CN | D87: 12 | E87: 🎯 NGÀY THI AWS SAA-C03 🎯 | H87: Sau thi — chọn hướng tiếp: Loom/virtual threads sâu? GraalVM/native image? Đóng góp OpenJDK? Perf-engineering ? | J87: Chưa

Sheet Nhật ký học
A1: Nhật Ký Học — Số phút hàng ngày
A2: Nhập số phút mỗi ngày. Mục tiêu: 130 phút/ngày. Tổng và % tự tính.
A4: Ngày # | B4: Ngày | C4: Thứ | D4: Tuần | E4: AWS Learn (ph) | F4: AWS Hands on (ph) | G4: Java Learn (ph) | H4: Java Hands on (ph) | I4: Tổng (ph) | J4: % mục tiêu
A5: 2 | B5: 46210 | C5: T3 | D5: 1 | I5: =SUM(E5:H5) -> 0 | J5: =IF(I5=0,0,I5/130) -> 0
A6: 3 | B6: 46211 | C6: T4 | D6: 1 | I6: =SUM(E6:H6) -> 0 | J6: =IF(I6=0,0,I6/130) -> 0
A7: 4 | B7: 46212 | C7: T5 | D7: 1 | I7: =SUM(E7:H7) -> 0 | J7: =IF(I7=0,0,I7/130) -> 0
A8: 5 | B8: 46213 | C8: T6 | D8: 1 | I8: =SUM(E8:H8) -> 0 | J8: =IF(I8=0,0,I8/130) -> 0
A9: 6 | B9: 46214 | C9: T7 | D9: 1 | I9: =SUM(E9:H9) -> 0 | J9: =IF(I9=0,0,I9/130) -> 0
A10: 7 | B10: 46215 | C10: CN | D10: 1 | I10: =SUM(E10:H10) -> 0 | J10: =IF(I10=0,0,I10/130) -> 0
A11: 8 | B11: 46216 | C11: T2 | D11: 2 | I11: =SUM(E11:H11) -> 0 | J11: =IF(I11=0,0,I11/130) -> 0
A12: 9 | B12: 46217 | C12: T3 | D12: 2 | I12: =SUM(E12:H12) -> 0 | J12: =IF(I12=0,0,I12/130) -> 0
A13: 10 | B13: 46218 | C13: T4 | D13: 2 | I13: =SUM(E13:H13) -> 0 | J13: =IF(I13=0,0,I13/130) -> 0
A14: 11 | B14: 46219 | C14: T5 | D14: 2 | I14: =SUM(E14:H14) -> 0 | J14: =IF(I14=0,0,I14/130) -> 0
A15: 12 | B15: 46220 | C15: T6 | D15: 2 | I15: =SUM(E15:H15) -> 0 | J15: =IF(I15=0,0,I15/130) -> 0
A16: 13 | B16: 46221 | C16: T7 | D16: 2 | I16: =SUM(E16:H16) -> 0 | J16: =IF(I16=0,0,I16/130) -> 0
... A87: 84 | B87: 46292 | C87: CN | D87: 12 | I87: =SUM(E87:H87) -> 0 | J87: =IF(I87=0,0,I87/130) -> 0

Sheet Bài thi thử
A1: Nhật Ký Bài Thi Thử AWS SAA
A2: Ghi điểm sau mỗi bài TutorialsDojo. Chỉ đặt lịch thi thật khi liên tục ≥80%.
A4: Ngày | B4: Bài thi | C4: Điểm % | D4: Mục tiêu % | E4: Đậu? | F4: 3 chủ đề yếu nhất | G4: Kế hoạch khắc phục
B5: Practice #1 (Tuần 7) | D5: 0.65 | E5: =IF(C5="","",IF(C5>=D5,"ĐẬU","CHƯA"))
B6: Practice #2 (Tuần 8) | D6: 0.7 | E6: =IF(C6="","",IF(C6>=D6,"ĐẬU","CHƯA"))
B7: Practice #3 (Tuần 9) | D7: 0.75 | E7: =IF(C7="","",IF(C7>=D7,"ĐẬU","CHƯA"))
B8: Practice #4 (Tuần 10) | D8: 0.78 | E8: =IF(C8="","",IF(C8>=D8,"ĐẬU","CHƯA"))
B9: Practice #5 (Tuần 10) | D9: 0.8 | E9: =IF(C9="","",IF(C9>=D9,"ĐẬU","CHƯA"))
B10: Practice #6 (Tuần 11 - retake yếu nhất) | D10: 0.85 | E10: =IF(C10="","",IF(C10>=D10,"ĐẬU","CHƯA"))

Sheet Tổng kết tuần
A1: Tổng Kết Tuần
A2: Tự động tính từ Nhật ký học + Kế hoạch chi tiết.
A4: Tuần # | B4: AWS phút | C4: Java phút | D4: Tổng phút | E4: Tổng giờ | F4: Số ngày học | G4: TB phút/ngày | H4: Task xong
A5: 1 | B5: =SUMIFS('Nhật ký học'!$E$5:$E$87,'Nhật ký học'!$D$5:$D$87,A5)+SUMIFS('Nhật ký học'!$F$5:$F$87,'Nhật ký học'!$D$5:$D$87,A5) -> 0 | C5: =SUMIFS('Nhật ký học'!$G$5:$G$87,'Nhật ký học'!$D$5:$D$87,A5)+SUMIFS('Nhật ký học'!$H$5:$H$87,'Nhật ký học'!$D$5:$D$87,A5) -> 0 | D5: =B5+C5 -> 0 | E5: =ROUND(D5/60,1) -> 0 | F5: =COUNTIFS('Nhật ký học'!$D$5:$D$87,A5,'Nhật ký học'!$I$5:$I$87,">0") -> 0 | G5: =IF(F5=0,0,D5/F5) -> 0 | H5: =COUNTIFS('Kế hoạch chi tiết'!$D$5:$D$87,A5,'Kế hoạch chi tiết'!$I$5:$I$87,"Xong") -> 0
A6: 2 | B6: =SUMIFS('Nhật ký học'!$E$5:$E$87,'Nhật ký học'!$D$5:$D$87,A6)+SUMIFS('Nhật ký học'!$F$5:$F$87,'Nhật ký học'!$D$5:$D$87,A6) -> 0 | C6: =SUMIFS('Nhật ký học'!$G$5:$G$87,'Nhật ký học'!$D$5:$D$87,A6)+SUMIFS('Nhật ký học'!$H$5:$H$87,'Nhật ký học'!$D$5:$D$87,A6) -> 0 | D6: =B6+C6 -> 0 | E6: =ROUND(D6/60,1) -> 0 | F6: =COUNTIFS('Nhật ký học'!$D$5:$D$87,A6,'Nhật ký học'!$I$5:$I$87,">0") -> 0 | G6: =IF(F6=0,0,D6/F6) -> 0 | H6: =COUNTIFS('Kế hoạch chi tiết'!$D$5:$D$87,A6,'Kế hoạch chi tiết'!$I$5:$I$87,"Xong") -> 0
A7: 3 | B7: =SUMIFS('Nhật ký học'!$E$5:$E$87,'Nhật ký học'!$D$5:$D$87,A7)+SUMIFS('Nhật ký học'!$F$5:$F$87,'Nhật ký học'!$D$5:$D$87,A7) -> 0 | C7: =SUMIFS('Nhật ký học'!$G$5:$G$87,'Nhật ký học'!$D$5:$D$87,A7)+SUMIFS('Nhật ký học'!$H$5:$H$87,'Nhật ký học'!$D$5:$D$87,A7) -> 0 | D7: =B7+C7 -> 0 | E7: =ROUND(D7/60,1) -> 0 | F7: =COUNTIFS('Nhật ký học'!$D$5:$D$87,A7,'Nhật ký học'!$I$5:$I$87,">0") -> 0 | G7: =IF(F7=0,0,D7/F7) -> 0 | H7: =COUNTIFS('Kế hoạch chi tiết'!$D$5:$D$87,A7,'Kế hoạch chi tiết'!$I$5:$I$87,"Xong") -> 0
A8: 4 | B8: =SUMIFS('Nhật ký học'!$E$5:$E$87,'Nhật ký học'!$D$5:$D$87,A8)+SUMIFS('Nhật ký học'!$F$5:$F$87,'Nhật ký học'!$D$5:$D$87,A8) -> 0 | C8: =SUMIFS('Nhật ký học'!$G$5:$G$87,'Nhật ký học'!$D$5:$D$87,A8)+SUMIFS('Nhật ký học'!$H$5:$H$87,'Nhật ký học'!$D$5:$D$87,A8) -> 0 | D8: =B8+C8 -> 0 | E8: =ROUND(D8/60,1) -> 0 | F8: =COUNTIFS('Nhật ký học'!$D$5:$D$87,A8,'Nhật ký học'!$I$5:$I$87,">0") -> 0 | G8: =IF(F8=0,0,D8/F8) -> 0 | H8: =COUNTIFS('Kế hoạch chi tiết'!$D$5:$D$87,A8,'Kế hoạch chi tiết'!$I$5:$I$87,"Xong") -> 0
A9: 5 | B9: =SUMIFS('Nhật ký học'!$E$5:$E$87,'Nhật ký học'!$D$5:$D$87,A9)+SUMIFS('Nhật ký học'!$F$5:$F$87,'Nhật ký học'!$D$5:$D$87,A9) -> 0 | C9: =SUMIFS('Nhật ký học'!$G$5:$G$87,'Nhật ký học'!$D$5:$D$87,A9)+SUMIFS('Nhật ký học'!$H$5:$H$87,'Nhật ký học'!$D$5:$D$87,A9) -> 0 | D9: =B9+C9 -> 0 | E9: =ROUND(D9/60,1) -> 0 | F9: =COUNTIFS('Nhật ký học'!$D$5:$D$87,A9,'Nhật ký học'!$I$5:$I$87,">0") -> 0 | G9: =IF(F9=0,0,D9/F9) -> 0 | H9: =COUNTIFS('Kế hoạch chi tiết'!$D$5:$D$87,A9,'Kế hoạch chi tiết'!$I$5:$I$87,"Xong") -> 0
A10: 6 | B10: =SUMIFS('Nhật ký học'!$E$5:$E$87,'Nhật ký học'!$D$5:$D$87,A10)+SUMIFS('Nhật ký học'!$F$5:$F$87,'Nhật ký học'!$D$5:$D$87,A10) -> 0 | C10: =SUMIFS('Nhật ký học'!$G$5:$G$87,'Nhật ký học'!$D$5:$D$87,A10)+SUMIFS('Nhật ký học'!$H$5:$H$87,'Nhật ký học'!$D$5:$D$87,A10) -> 0 | D10: =B10+C10 -> 0 | E10: =ROUND(D10/60,1) -> 0 | F10: =COUNTIFS('Nhật ký học'!$D$5:$D$87,A10,'Nhật ký học'!$I$5:$I$87,">0") -> 0 | G10: =IF(F10=0,0,D10/F10) -> 0 | H10: =COUNTIFS('Kế hoạch chi tiết'!$D$5:$D$87,A10,'Kế hoạch chi tiết'!$I$5:$I$87,"Xong") -> 0
A11: 7 | B11: =SUMIFS('Nhật ký học'!$E$5:$E$87,'Nhật ký học'!$D$5:$D$87,A11)+SUMIFS('Nhật ký học'!$F$5:$F$87,'Nhật ký học'!$D$5:$D$87,A11) -> 0 | C11: =SUMIFS('Nhật ký học'!$G$5:$G$87,'Nhật ký học'!$D$5:$D$87,A11)+SUMIFS('Nhật ký học'!$H$5:$H$87,'Nhật ký học'!$D$5:$D$87,A11) -> 0 | D11: =B11+C11 -> 0 | E11: =ROUND(D11/60,1) -> 0 | F11: =COUNTIFS('Nhật ký học'!$D$5:$D$87,A11,'Nhật ký học'!$I$5:$I$87,">0") -> 0 | G11: =IF(F11=0,0,D11/F11) -> 0 | H11: =COUNTIFS('Kế hoạch chi tiết'!$D$5:$D$87,A11,'Kế hoạch chi tiết'!$I$5:$I$87,"Xong") -> 0
A12: 8 | B12: =SUMIFS('Nhật ký học'!$E$5:$E$87,'Nhật ký học'!$D$5:$D$87,A12)+SUMIFS('Nhật ký học'!$F$5:$F$87,'Nhật ký học'!$D$5:$D$87,A12) -> 0 | C12: =SUMIFS('Nhật ký học'!$G$5:$G$87,'Nhật ký học'!$D$5:$D$87,A12)+SUMIFS('Nhật ký học'!$H$5:$H$87,'Nhật ký học'!$D$5:$D$87,A12) -> 0 | D12: =B12+C12 -> 0 | E12: =ROUND(D12/60,1) -> 0 | F12: =COUNTIFS('Nhật ký học'!$D$5:$D$87,A12,'Nhật ký học'!$I$5:$I$87,">0") -> 0 | G12: =IF(F12=0,0,D12/F12) -> 0 | H12: =COUNTIFS('Kế hoạch chi tiết'!$D$5:$D$87,A12,'Kế hoạch chi tiết'!$I$5:$I$87,"Xong") -> 0
A13: 9 | B13: =SUMIFS('Nhật ký học'!$E$5:$E$87,'Nhật ký học'!$D$5:$D$87,A13)+SUMIFS('Nhật ký học'!$F$5:$F$87,'Nhật ký học'!$D$5:$D$87,A13) -> 0 | C13: =SUMIFS('Nhật ký học'!$G$5:$G$87,'Nhật ký học'!$D$5:$D$87,A13)+SUMIFS('Nhật ký học'!$H$5:$H$87,'Nhật ký học'!$D$5:$D$87,A13) -> 0 | D13: =B13+C13 -> 0 | E13: =ROUND(D13/60,1) -> 0 | F13: =COUNTIFS('Nhật ký học'!$D$5:$D$87,A13,'Nhật ký học'!$I$5:$I$87,">0") -> 0 | G13: =IF(F13=0,0,D13/F13) -> 0 | H13: =COUNTIFS('Kế hoạch chi tiết'!$D$5:$D$87,A13,'Kế hoạch chi tiết'!$I$5:$I$87,"Xong") -> 0
A14: 10 | B14: =SUMIFS('Nhật ký học'!$E$5:$E$87,'Nhật ký học'!$D$5:$D$87,A14)+SUMIFS('Nhật ký học'!$F$5:$F$87,'Nhật ký học'!$D$5:$D$87,A14) -> 0 | C14: =SUMIFS('Nhật ký học'!$G$5:$G$87,'Nhật ký học'!$D$5:$D$87,A14)+SUMIFS('Nhật ký học'!$H$5:$H$87,'Nhật ký học'!$D$5:$D$87,A14) -> 0 | D14: =B14+C14 -> 0 | E14: =ROUND(D14/60,1) -> 0 | F14: =COUNTIFS('Nhật ký học'!$D$5:$D$87,A14,'Nhật ký học'!$I$5:$I$87,">0") -> 0 | G14: =IF(F14=0,0,D14/F14) -> 0 | H14: =COUNTIFS('Kế hoạch chi tiết'!$D$5:$D$87,A14,'Kế hoạch chi tiết'!$I$5:$I$87,"Xong") -> 0
A15: 11 | B15: =SUMIFS('Nhật ký học'!$E$5:$E$87,'Nhật ký học'!$D$5:$D$87,A15)+SUMIFS('Nhật ký học'!$F$5:$F$87,'Nhật ký học'!$D$5:$D$87,A15) -> 0 | C15: =SUMIFS('Nhật ký học'!$G$5:$G$87,'Nhật ký học'!$D$5:$D$87,A15)+SUMIFS('Nhật ký học'!$H$5:$H$87,'Nhật ký học'!$D$5:$D$87,A15) -> 0 | D15: =B15+C15 -> 0 | E15: =ROUND(D15/60,1) -> 0 | F15: =COUNTIFS('Nhật ký học'!$D$5:$D$87,A15,'Nhật ký học'!$I$5:$I$87,">0") -> 0 | G15: =IF(F15=0,0,D15/F15) -> 0 | H15: =COUNTIFS('Kế hoạch chi tiết'!$D$5:$D$87,A15,'Kế hoạch chi tiết'!$I$5:$I$87,"Xong") -> 0
A16: 12 | B16: =SUMIFS('Nhật ký học'!$E$5:$E$87,'Nhật ký học'!$D$5:$D$87,A16)+SUMIFS('Nhật ký học'!$F$5:$F$87,'Nhật ký học'!$D$5:$D$87,A16) -> 0 | C16: =SUMIFS('Nhật ký học'!$G$5:$G$87,'Nhật ký học'!$D$5:$D$87,A16)+SUMIFS('Nhật ký học'!$H$5:$H$87,'Nhật ký học'!$D$5:$D$87,A16) -> 0 | D16: =B16+C16 -> 0 | E16: =ROUND(D16/60,1) -> 0 | F16: =COUNTIFS('Nhật ký học'!$D$5:$D$87,A16,'Nhật ký học'!$I$5:$I$87,">0") -> 0 | G16: =IF(F16=0,0,D16/F16) -> 0 | H16: =COUNTIFS('Kế hoạch chi tiết'!$D$5:$D$87,A16,'Kế hoạch chi tiết'!$I$5:$I$87,"Xong") -> 0
A18: TỔNG | B18: =SUM(B5:B16) -> 0 | C18: =SUM(C5:C16) -> 0 | D18: =SUM(D5:D16) -> 0 | E18: =ROUND(D18/60,1) -> 0 | F18: =SUM(F5:F16) -> 0 | H18: =SUM(H5:H16) -> 0

Sheet Tài nguyên
A1: Tài Nguyên & Tham Khảo
A3: AWS SAA
A4: Stephane Maarek Ultimate AWS SAA (Udemy) | B4: https://www.udemy.com/course/aws-certified-solutions-architect-associate-saa-c03/ | C4: Khoá chính - tiếp tục từ Section 6
A5: TutorialsDojo Practice Exams | B5: https://portal.tutorialsdojo.com/ | C5: Jon Bonso - tiêu chuẩn vàng cho practice
A6: AWS Free Tier | B6: https://aws.amazon.com/free/ | C6: Cho hands-on labs
A8: Java Core (skill building)
A9: Effective Java (Joshua Bloch, 3rd ed) | B9: https://www.amazon.com/dp/0134685997 | C9: Sách Java giá trị nhất. Đọc 3-5 items/tuần.
A10: Modern Java in Action (Urma/Fusco/Mycroft) | B10: https://www.manning.com/books/modern-java-in-action | C10: Cho streams, lambdas, functional style
A11: Java Concurrency in Practice (Goetz) | B11: https://www.amazon.com/dp/0321349601 | C11: Kinh thánh concurrency. Dùng AI unpack chỗ khó.
A12: Java 21 API docs (chính thức) | B12: https://docs.oracle.com/en/java/javase/21/docs/api/ | C12: Verify mọi điều AI nói về APIs
A14: JVM Internals (chuyên sâu)
A15: Java Performance (Scott Oaks, 2nd ed) | B15: https://www.oreilly.com/library/view/java-performance-2nd/9781492056102/ | C15: Sách JVM tuning tốt nhất hiện nay
A16: The Java Virtual Machine Spec (JVMS) | B16: https://docs.oracle.com/javase/specs/jvms/se21/html/ | C16: Spec chính thức - bytecode + class loading
A17: Inside Java podcast (JEP updates, GC) | B17: https://inside.java/podcast/ | C17: Cập nhật JVM/GC mới nhất
A18: async-profiler | B18: https://github.com/async-profiler/async-profiler | C18: Profiler tốt nhất, flame graphs
A19: Eclipse Memory Analyzer (MAT) | B19: https://eclipse.dev/mat/ | C19: Phân tích heap dump - tìm memory leaks
A20: JITWatch (Chris Newland) | B20: https://github.com/AdoptOpenJDK/jitwatch | C20: Xem JIT compilation chi tiết
A22: Spring Boot (chỉ tuần 12 - intro nhẹ)
A23: Baeldung Spring Boot tutorials | B23: https://www.baeldung.com/spring-boot | C23: Tutorial Spring miễn phí tốt nhất
A24: Spring Boot official docs | B24: https://docs.spring.io/spring-boot/ | C24: Reference chính khi cần sau này
A25: Ghi chú | C25: CHỈ intro nhẹ tuần 12. Học sâu chỉ nếu công ty confirm dùng Spring.
A27: AI methodology (dùng các prompt này)
A28: Tự làm rồi review | C28: 'Đây là code của tôi cho X. Review như senior dev. Tìm bugs + EJ violations.'
A29: Sinh bài tập | C29: 'Cho tôi 5 bài về [topic], khó dần, KHÔNG show solution.'
A30: Quiz tôi | C30: 'Quiz tôi về [topic] trong 10 phút. 1 câu 1 lúc. Nói tôi sai chỗ nào.'
A31: Giải thích rồi verify | C31: 'Giải thích X vs Y. Tôi verify bằng docs. Cite Java version + doc section.'
A32: Debug cùng | C32: 'Đây là error + code. ĐỪNG fix. Hỏi câu hỏi để tôi tự tìm bug.'
A33: JVM - đọc log/dump | C33: 'Đây là GC log/heap dump. Giải thích từng phần. Sau đó quiz tôi.'
A35: 5 nguyên tắc vàng khi học với AI
A36: Quy tắc 15 phút | C36: Tự vật lộn tối thiểu 15 phút trước khi hỏi AI
A37: Viết code trước, AI review sau | C37: Bạn viết code. AI review. Không bao giờ ngược lại.
A38: Verify các claim cụ thể | C38: Bất kỳ claim về API/version/behavior → check docs chính thức
A39: Kết thúc bằng recall | C39: 10 phút cuối mỗi session: AI quiz bạn về hôm nay
A40: Đọc Effective Java mỗi ngày | C40: 1-2 items/ngày → đầu tư dài hạn tốt nhất
